,text,label
0,"An eye-opening article. This further reinforces the need to switch to a more enviroment friendly lifestyle.
@EamonRyan thank you for sharing this! https://t.co/kZHZCOKCsR",0
1,Bangladesh Confronts Climate Change - book goes open access https://t.co/X5zgf9lYST https://t.co/dowjnig3kr,0
2,RT @MrDenmore: If there‚Äôs a definition of insanity it‚Äôs Australia‚Äôs policies on climate change being disrupted for a decade by wilfully ign‚Ä¶,0
3,"RT @KateAronoff: The scene in Jurassic Park when Newman loses his glasses and then says, ""I can afford more glasses"" immediately before bei‚Ä¶",0
4,"RT @KateAronoff: The scene in Jurassic Park when Newman loses his glasses and then says, ""I can afford more glasses"" immediately before bei‚Ä¶",0
5,Scientist calls out media ‚Äòmisinformation‚Äô on wildfires and global warming https://t.co/wvaLlY54na,1
6,"In the latest edition of The Ripon Forum, @ColoradoStateU professor @airscottdenning explains why ""The Science is Settled"" when it comes to climate change - https://t.co/IFwD5pTHtr https://t.co/2rzD3k76fB",1
7,@GeneMcVay Help save the Sasquatch and nip global warming in the bud!,1
8,"RT @business: Facing $17 billion in fire damages, a CEO blames climate change https://t.co/XoFatCUWX8",0
9,RT @JariLiski: This new article about the suitability of #Yasso model for #soil carbon inventory in Germany is now available FOR FREE at ht‚Ä¶,0
10,Just as it is worth remembering the next time someone insists there is no clear link between climate change and migration and security risks.,0
11,RT @ToolangiForest: A great day of action for our message of ‚ÄúDear Dan‚Äù! Toolangi community &amp; friends joined together to respectfully ask @‚Ä¶,0
12,RT @jayrosen_nyu: Why does skepticism about immigration walk hand in hand with skepticism about the science of climate change? I know we're‚Ä¶,0
13,RT @FranceinIreland: On 5th November we call all creative citizens w/ practical solutions to fight against #climatechange to join us for a‚Ä¶,0
14,"RT @_WeMeanToClean: üå≥ We've planted 860+ native trees so far this monsoon

üå≥ More pics here: https://t.co/7ACHFBTGhc

#WeMeanToClean #Clean‚Ä¶",0
15,@Jandy232 @carolemorrissey I‚Äôm assuming he thinks he‚Äôll be dead by the time the planet‚Äôs uninhabitable &amp; there‚Äôs no evidence @TonyAbbottMHR cares about anyone other than himself ‚Äì he must really hate his daughters though #auspol #ClimateChange,1
16,Gotta love the facts. https://t.co/bZ2G8AZuo9,0
17,"Years of mismanagement by California have served to turn the forests into a ticking time bomb. The why and how....
When will California lift a finger to prevent these YEARLY fires? 
Ever?? https://t.co/F2svnMi7wz",0
18,"RT @EddyJokovich: Climate change shows Australian politics at its worst. Opportunists, idiots, morons, MPs acting in bad faith, price gougi‚Ä¶",0
19,RT @jayrosen_nyu: Why does skepticism about immigration walk hand in hand with skepticism about the science of climate change? I know we're‚Ä¶,0
20,"Oh well, they deal with it quite well. Like they add numbers and facts and such crazy stuff.
https://t.co/DuBGmHCnG8
#climatechange https://t.co/d5IBchM3Uk",0
21,"RT @Peters_Glen: It is always a good reminder to see how the global average temperature has changed over the last 150 years...

https://t.c‚Ä¶",0
22,RT @_LJDay: ‚ÄúIt defies any form of rational responsible decision making that we as a country continue to embrace massive projects that will‚Ä¶,0
23,RT @jayrosen_nyu: Why does skepticism about immigration walk hand in hand with skepticism about the science of climate change? I know we're‚Ä¶,0
24,@jonkudelka Harvey Norman reckons climate change is bunkum because his mates who own coal companies need people to buy polluting stuff,1
25,RT @drharshvardhan: Reintroduction of #MouseDeer into the wild was a perfect example of science being leveraged to conserve the environment‚Ä¶,0
26,"RT @crystalline_02: Ice caps are melting, global warming is increasing, pollution is rising, and species are dying‚ÄîWe only have one Earth‚ÄîI‚Ä¶",0
27,2018 Is Shaping Up to Be the Fourth-Hottest Year. Yet We‚Äôre Still Not Prepared for Global Warming. https://t.co/ol51YhcSCu,1
28,How humans ‚Äî and climate change ‚Äî make wildfires even more deadly - ‚Å¶@washingtonpost‚Å© nails this piece (just like every other climate change piece they take on) üôåüèº #madrespect https://t.co/GhzNePkq8q,0
29,@Havenaar64 The last time you asked me this I responded with https://t.co/mARfQsjrzT but you refused to open the link because of a prejudice that it would be lies and propaganda.,0
30,RT @DailySignal: Many on the left claim #climatechange is responsible for the #CAwildfires ... but experts say misguided environmentalist p‚Ä¶,0
31,"RT @KateAronoff: The scene in Jurassic Park when Newman loses his glasses and then says, ""I can afford more glasses"" immediately before bei‚Ä¶",0
32,RT @FAOKnowledge: Soil organic carbon is crucial to food production and can contribute to #climatechange mitigation.   Check out our map on‚Ä¶,0
33,"RT @UNDPasiapac: In the year 2000, 50% of #Bangladesh's population was impoverished. By 2010, this was around 30%. With climate change alre‚Ä¶",0
34,How to inspire people to act on climate change: Oil tankers vs Starlings https://t.co/hwXlws7DlA,0
35,RT @DailySignal: Many on the left claim #climatechange is responsible for the #CAwildfires ... but experts say misguided environmentalist p‚Ä¶,0
36,"RT @KateAronoff: The scene in Jurassic Park when Newman loses his glasses and then says, ""I can afford more glasses"" immediately before bei‚Ä¶",0
37,RT @FAOKnowledge: Soil organic carbon is crucial to food production and can contribute to #climatechange mitigation.   Check out our map on‚Ä¶,0
38,"RT @UNDPasiapac: In the year 2000, 50% of #Bangladesh's population was impoverished. By 2010, this was around 30%. With climate change alre‚Ä¶",0
39,How to inspire people to act on climate change: Oil tankers vs Starlings https://t.co/hwXlws7DlA,0
40,"RT @Peters_Glen: It is always a good reminder to see how the global average temperature has changed over the last 150 years...

https://t.c‚Ä¶",0
41,IRP and Provincial Disaster Management Authority Balochistan signed a Memorandum of Understanding (MoU) for concrete policy frameworks to address the impacts of #climate #change in Balochistan. @IRWorldwide @IslamicReliefSv #drought @VOCC_Advocacy https://t.co/CTABYmqTH1,1
42,RT @PaulEDawson: Policies that choke off fossil fuels at their origin ‚Äî shutting down mines and wells; banning new ones; opting against new‚Ä¶,0
43,"These cities are successfully leveraging #transportation data to take action on #climate change and become more socially inclusive!

Share your thoughts with us using #GMS2018. 

https://t.co/eYfErbWvlS",1
44,Climate change and wildfires ‚Äì¬†how do we know if there is a link? https://t.co/2SqyvW7asF via @ConversationUS,0
45,We're dangerously unprepared for the heat crisis from climate change! #climatechange #HeatWave2018 #future  https://t.co/OIjIz1qCDN,0
46,"RT @chlefHH: Halfway to boiling: the city at 50C
#GlobalWarming #climatechange
 #heatwave https://t.co/Bb4zegBYkY",0
47,RT @6esm: Halfway to boiling: the city at 50C https://t.co/jccTA8tDCS - #climatechange,0
48,RT @wwreserve: Understand what is #ClimateChange and how #nature and #manmade changes occur? - #Water - https://t.co/GycD1Pd3yq,0
49,"RT @BenPennings: #Adani are visiting our schools! Materials include ""a fact sheet on mining and the environment that fails to mention clima‚Ä¶",0
50,"Looking forward to be back @MelbLawSchool for a talk on cities and climate change: ""From Paris to Pittsburgh and Back? The Changing Role of Cities in the Global Climate Change Regime"" this Thursday at 1 pm: https://t.co/xLEMmvL8Sr",1
51,"#Alaska's #NorthSlope hit by strongest #quake noted in region
https://t.co/SP6jhzltFK
You want to know WHY?
BC the earth is tired of #ShellOil drilling for oil off the NW coast
#MotherNature is #FightingBack. Extremely HOT, extremely COLD &amp; snow, &amp; #Earthquakes= #ClimateChange",0
52,RT @JPvanYpersele: I just mentioned the need to cut fossil fuel subsidies in my interview to @TV5MONDEINFO https://t.co/vaEDeWJsDx,0
53,RT @IslamicReliefPK: IRP and Provincial Disaster Management Authority Balochistan signed a Memorandum of Understanding (MoU) for concrete p‚Ä¶,0
54,RT @jayrosen_nyu: Why does skepticism about immigration walk hand in hand with skepticism about the science of climate change? I know we're‚Ä¶,0
55,RT @PeterFurth: It is simply impossible for an affluent society to avoid crippling congestion without congestion charge. It‚Äôs a law of econ‚Ä¶,0
56,We're dangerously unprepared for the heat crisis from climate change @CNN https://t.co/RHjiP8N5fF,0
57,"RT @business: Facing $17 billion in fire damages, a CEO blames climate change https://t.co/XoFatCUWX8",0
58,"You send me crap
It's 5 minutes to midnight for a mute https://t.co/FFhYHCitKb",0
59,RT @FranceinIreland: On 5th November we call all creative citizens w/ practical solutions to fight against #climatechange to join us for a‚Ä¶,0
60,"RT @seanroche: One final reminder: if you‚Äôre not designing a congestion pricing system to reduce overall traffic volume, you‚Äôre practicing‚Ä¶",0
61,"RT @KateAronoff: The scene in Jurassic Park when Newman loses his glasses and then says, ""I can afford more glasses"" immediately before bei‚Ä¶",0
62,RT @markpopham: I‚Äôve been thinking a lot about how the guilt that we feel as individuals about climate change can essentially protect the p‚Ä¶,0
63,"RT @KateAronoff: The scene in Jurassic Park when Newman loses his glasses and then says, ""I can afford more glasses"" immediately before bei‚Ä¶",0
64,"RT @AmoneyResists: After 19 months:

The E.U.‚ÄîNo Deal
Mexico‚ÄîNo Deal
Iran‚Äî‚ÄîNo Deal
Canada‚ÄîNo Deal
N.K.‚Äî‚ÄîNo Deal
Trade‚Äî‚ÄîNo Deal
Healthcare‚ÄîN‚Ä¶",0
65,#outsiders Turnbull/Jetlag Jules/little L Liberals R Fabian Socialists enacting UN Global Socialist Soros NWO levelling socioeconomic demographics-CLIMATE CHANGE HAS NOTHING 2 DO WITH SAVING THE PLANET &amp; is about destroying western economies https://t.co/8O5bKxirup @RossCameron4,1
66,"RT @KateAronoff: The scene in Jurassic Park when Newman loses his glasses and then says, ""I can afford more glasses"" immediately before bei‚Ä¶",0
67,"RT @Thomas1774Paine: After Libs Blame West Coast Fires on Global Warming, Forester Speaks out https://t.co/DOUrcTzi0v",0
68,"RT @JoanneRyanLalor: At dinner with four Labor colleagues, all of whom shop at KMart. #auspol https://t.co/jGnYCnVcFr",0
69,"RT @business: Facing $17 billion in fire damages, a CEO blames climate change https://t.co/XoFatCUWX8",0
70,"RT @Mendelpol: In my first term, I want to solve global warming, end all wars, give a house to everyone, give a job to everyone and England‚Ä¶",0
71,@SAWeatherServic is Zille correct in what she said here? https://t.co/Jm4o9b1lhH,0
72,@SpeakerRyan @SenateMajLdr It will be recorded for all time&gt; ALL that is happening during this profoundly corrupt &amp; traitorous Administration is under YOUR TOTAL LACK OF LEADERSHIP https://t.co/MC4EYBMRBT,0
73,"RT @AmoneyResists: After 19 months:

The E.U.‚ÄîNo Deal
Mexico‚ÄîNo Deal
Iran‚Äî‚ÄîNo Deal
Canada‚ÄîNo Deal
N.K.‚Äî‚ÄîNo Deal
Trade‚Äî‚ÄîNo Deal
Healthcare‚ÄîN‚Ä¶",0
74,RT @chrissmithradio: They are over the cliff already. It's over. No contest. https://t.co/8QEhr2wOwG,0
75,"RT @lasesana: Things Trump and the @GOP think are worth spending taxpayer $$ on:
-Space Force
-a border wall
-Trump‚Äôs military parade

Thin‚Ä¶",0
76,2018 Is Shaping Up to Be the Fourth-Hottest Year. Yet We‚Äôre Still Not Prepared for Global Warming.   via @NYTimes https://t.co/VvE1B05Vxi,1
77,"#climatechange #spaceweather 
https://t.co/hB3tQgPeys",0
78,"‚ÄúWe either re-examine the current plans for unrestricted coal exports, taking proper account and responsibility for the resulting greenhouse emissions, or watch the reef die‚Äù https://t.co/YeW6ymNDok https://t.co/BOd5M4Kdx6",1
79,@ebatruth @JoshFrydenberg @TurnbullMalcolm @InsidersABC Mal and the Libs are rotten to the core. Put the climate change denying rorting lying Libs last when you vote.,1
80,"Turnbull‚Äôs leadership a sham as he seeks to evade GBRF scandal, climate change with a dodgy NEG. https://t.co/lX0n5Xbmvu",0
81,"RT @AmoneyResists: After 19 months:

The E.U.‚ÄîNo Deal
Mexico‚ÄîNo Deal
Iran‚Äî‚ÄîNo Deal
Canada‚ÄîNo Deal
N.K.‚Äî‚ÄîNo Deal
Trade‚Äî‚ÄîNo Deal
Healthcare‚ÄîN‚Ä¶",0
82,RT @IslamicReliefPK: IRP and Provincial Disaster Management Authority Balochistan signed a Memorandum of Understanding (MoU) for concrete p‚Ä¶,0
83,RT @SadhguruJV: Afforestation on riparian lands will not only help mitigate climate change but will revitalize rivers &amp; boost farmers' inco‚Ä¶,0
84,"RT @AmoneyResists: After 19 months:

The E.U.‚ÄîNo Deal
Mexico‚ÄîNo Deal
Iran‚Äî‚ÄîNo Deal
Canada‚ÄîNo Deal
N.K.‚Äî‚ÄîNo Deal
Trade‚Äî‚ÄîNo Deal
Healthcare‚ÄîN‚Ä¶",0
85,"RT @KateAronoff: The scene in Jurassic Park when Newman loses his glasses and then says, ""I can afford more glasses"" immediately before bei‚Ä¶",0
86,RT @SadhguruJV: Afforestation on riparian lands will not only help mitigate climate change but will revitalize rivers &amp; boost farmers' inco‚Ä¶,0
87,"RT @AmoneyResists: After 19 months:

The E.U.‚ÄîNo Deal
Mexico‚ÄîNo Deal
Iran‚Äî‚ÄîNo Deal
Canada‚ÄîNo Deal
N.K.‚Äî‚ÄîNo Deal
Trade‚Äî‚ÄîNo Deal
Healthcare‚ÄîN‚Ä¶",0
88,Jakarta: the fastest-sinking city in the world #groundwater #climatechange #watersupply @BBCNewsAsia @SitiNurbayaLHK @walhinasional @GreenpeaceID @ICEL_indo @Gubernurdki1 @HumasBappenas @BPPT_RI @p3kll @liputan6dotcom @temponewsroom @antaranews https://t.co/8IHv09HiJW https://t.co/855L3SDcZe,1
89,RT @ximemiche: The #YouthClimateLeaders are working at the @CGCNairobi to brainstorm on the @endelezake project regarding the Sustainable P‚Ä¶,0
90,The latest The #Green Daily! https://t.co/Uw22Re2n2R Thanks to @iag2u @Magazine_MN @licoriceswriter #environment #climatechange,0
91,"Weather presenters are at the barricades of the changing climate, and can‚Äôt shut their mouth anymore... https://t.co/E3vyOJID7Z",1
92,"#climatechange #bible #prophecy
https://t.co/suS7ffw2MT",1
93,This is a devastating read on the impacts of heat #climatechange #HeatWave2018 #cityplanning #inequality https://t.co/cipFjnINIw,1
94,"RT @greenpeaceindia: @TwitterIndia Unplanned construction for the sake of development are leading cause of unsustainable cities, pollution‚Ä¶",0
95,"RT @MikeHudema: The last thing these 75 endangered orcas need is a #tarsands tanker superhighway running through their home. üê¨

@JustinTrud‚Ä¶",0
96,"RT @business: Facing $17 billion in fire damages, a CEO blames climate change https://t.co/XoFatCUWX8",0
97,"Now @GeanneVanArkel from Interface talking about 'Climate Take Back' - if we changed the climate by mistake, we should be able to change it by intent",1
98,"RT @INCIndia: After 'inventing' yoga and disproving climate change, checkout how Modiji has redefined science! https://t.co/VsVTW1z0OO",0
99,RT @cleanmysuru: Floods is due to heavy rainfall and erosion of soil which does not have proper green cover. Just trees won't bring rainfal‚Ä¶,0
100,RT @SadhguruJV: Afforestation on riparian lands will not only help mitigate climate change but will revitalize rivers &amp; boost farmers' inco‚Ä¶,0
101,"RT @350: An important read from @payal350 who writes ""a reflection of the rollercoaster of emotions I feel working on climate change and ho‚Ä¶",0
102,"RT @AndrewGillum: I believe in science. 

That's a stark contrast from our current Governor who says he's not a scientist so he can't say i‚Ä¶",0
103,"RT @KateAronoff: The scene in Jurassic Park when Newman loses his glasses and then says, ""I can afford more glasses"" immediately before bei‚Ä¶",0
104,"RT @MikeHudema: Climate change.

Temperatures in the Arctic Circle were hotter than they were in Southern Spain. That's not good.

#ActOnCl‚Ä¶",0
105,If only there was a catchy name for this.....#keepitintheground https://t.co/KY8ggjGIUX,1
106,RT @SadhguruJV: Afforestation on riparian lands will not only help mitigate climate change but will revitalize rivers &amp; boost farmers' inco‚Ä¶,0
107,"RT @Allatsea4: ‚ÄúIf by some miracle we are able to limit warming to two degrees, we will only have to negotiate the #extinction of the world‚Ä¶",0
108,RT @Cam_Walker: Its like Barnaby actually doesn't understand the purpose of government. Surely a big part of the job is to look out for the‚Ä¶,0
109,RT @PhotoSSentinel: 'Hands Along The Water' event takes aim at toxic green slime killing our fish @SunSentinel photo Jennifer Lett PHOTOS/V‚Ä¶,0
110,RT @newrepublic: How a new generation of authoritarian leaders are using climate change to seize power: https://t.co/d67A62SgdO https://t.c‚Ä¶,0
111,"RT @dtcampbe: ""A 2016 study in the Proceedings of the National Academy of Sciences found that climate change accounts for more than 50 perc‚Ä¶",0
112,"RT @EddyJokovich: Climate change shows Australian politics at its worst. Opportunists, idiots, morons, MPs acting in bad faith, price gougi‚Ä¶",0
113,Jeremy Cordeaux until Midnight....8223 0000. Tonight: Do you shop at Kmart + are concerned about climate change? @Barnaby_Joyce doesn‚Äôt think so + @DymocksAdelaide #bookoftheweek + @priscillabus @AdelaideFesCent to work !! #Adelaide #radio,1
114,"RT @AmoneyResists: After 19 months:

The E.U.‚ÄîNo Deal
Mexico‚ÄîNo Deal
Iran‚Äî‚ÄîNo Deal
Canada‚ÄîNo Deal
N.K.‚Äî‚ÄîNo Deal
Trade‚Äî‚ÄîNo Deal
Healthcare‚ÄîN‚Ä¶",0
115,RT @PaulEDawson: What is happening in the Arctic will reverberate around the globe. Arctic warming may already be influencing weather patte‚Ä¶,0
116,"RT @Fathibashe: Happy International #YouthDay! To tackle #ClimateChange, one of the many things we urgently need to do is plant more trees.‚Ä¶",0
117,I won‚Äôt go on the BBC if it supplies climate change deniers as ‚Äòbalance‚Äô | Rupert Read https://t.co/8qnZ0tOaZv,0
118,"RT @AmoneyResists: After 19 months:

The E.U.‚ÄîNo Deal
Mexico‚ÄîNo Deal
Iran‚Äî‚ÄîNo Deal
Canada‚ÄîNo Deal
N.K.‚Äî‚ÄîNo Deal
Trade‚Äî‚ÄîNo Deal
Healthcare‚ÄîN‚Ä¶",0
119,RT @DavidPepper: Suggestion: replace the Space Force with the Earth Force and save our planet from climate change before it's too late. (An‚Ä¶,0
120,"RT @crystalline_02: Ice caps are melting, global warming is increasing, pollution is rising, and species are dying‚ÄîWe only have one Earth‚ÄîI‚Ä¶",0
121,RT @FAOfish: Did you miss the launch of our Impacts of #climatechange on #fisheries and #aquaculture publication during #COFI33 week in Rom‚Ä¶,0
122,Good to see that @NewStatesman is joining the dots to look at the political implications of our changing climate: The global heatwave will change politics ‚Äì and not just in the future https://t.co/7QqcpS23CK,0
123,"RT @AmoneyResists: After 19 months:

The E.U.‚ÄîNo Deal
Mexico‚ÄîNo Deal
Iran‚Äî‚ÄîNo Deal
Canada‚ÄîNo Deal
N.K.‚Äî‚ÄîNo Deal
Trade‚Äî‚ÄîNo Deal
Healthcare‚ÄîN‚Ä¶",0
124,"RT @AmoneyResists: After 19 months:

The E.U.‚ÄîNo Deal
Mexico‚ÄîNo Deal
Iran‚Äî‚ÄîNo Deal
Canada‚ÄîNo Deal
N.K.‚Äî‚ÄîNo Deal
Trade‚Äî‚ÄîNo Deal
Healthcare‚ÄîN‚Ä¶",0
125,RT @nytimes: Humans almost saved the planet from climate change 30 years ago. This is the story of how we failed: a tragedy in 2 acts.,0
126,RT @UNEnvironm_CEP: Saint Lucia to host major climate change event in October this year. https://t.co/poXEQUNYxZ,0
127,"RT @ACIARCEO: Frances Adamson, Secretary @dfat delivers the ‚Å¶@CrawfordFund Sir John Crawford Memorial Address, highlighting the links betwe‚Ä¶",0
128,RT @SadhguruJV: Afforestation on riparian lands will not only help mitigate climate change but will revitalize rivers &amp; boost farmers' inco‚Ä¶,0
129,Su√ßlu hep k√ºresel ƒ±sƒ±nma(!) zaten.. https://t.co/VU7BweZASF,0
130,"RT @crystalline_02: Ice caps are melting, global warming is increasing, pollution is rising, and species are dying‚ÄîWe only have one Earth‚ÄîI‚Ä¶",0
131,RT @1395FIVEaa: Jeremy Cordeaux until Midnight....8223 0000. Tonight: Do you shop at Kmart + are concerned about climate change? @Barnaby_J‚Ä¶,0
132,"@carrzee @business Blaming climate change can only be done by unbundled utilities, not grid operators owned by utilities having coal fired power plants. Works in California not in Germany!",1
133,Read on our network today:  ‚ÄúIn-depth: How the UK plans to adapt to climate change ‚Äù  https://t.co/zAYumC7yce https://t.co/hJDaHSLtdw,0
134,RT @kirillklip: #ClimateChange #Investment supercycle with supercharged new #market dynamics: #TheSwitch to #Renewables &amp; #Infrastructure f‚Ä¶,0
135,"RT @AmoneyResists: After 19 months:

The E.U.‚ÄîNo Deal
Mexico‚ÄîNo Deal
Iran‚Äî‚ÄîNo Deal
Canada‚ÄîNo Deal
N.K.‚Äî‚ÄîNo Deal
Trade‚Äî‚ÄîNo Deal
Healthcare‚ÄîN‚Ä¶",0
136,Wildfires and heatwaves appear to be reshaping how many around the world view the issue of climate change ‚Äì and whether their governments are doing enough to build resilience against it. https://t.co/PHP9dgrmK4,1
137,"RT @Thomas1774Paine: After Libs Blame West Coast Fires on Global Warming, Forester Speaks out https://t.co/DOUrcTzi0v",0
138,RT @neasa_neasa: If we needed any reminding that a core part of the climate change debate is inequality in experiencing its worst effects..‚Ä¶,0
139,"RT @AmoneyResists: After 19 months:

The E.U.‚ÄîNo Deal
Mexico‚ÄîNo Deal
Iran‚Äî‚ÄîNo Deal
Canada‚ÄîNo Deal
N.K.‚Äî‚ÄîNo Deal
Trade‚Äî‚ÄîNo Deal
Healthcare‚ÄîN‚Ä¶",0
140,"RT @algore: Cities, states, NGOs &amp; citizens are stepping up to #ActOnClimate. The proposal to weaken #cleanercar standards provides another‚Ä¶",0
141,"RT @GCCThinkActTank: Why does climate change require brave change leadership, and leaders who take action? https://t.co/BV0z52xlXH
#climate‚Ä¶",0
142,"RT @KateAronoff: The scene in Jurassic Park when Newman loses his glasses and then says, ""I can afford more glasses"" immediately before bei‚Ä¶",0
143,"@BrainEvacuated @usagalatheart @krassenstein We're just a computerized banking/energy grid glitch away from utter barbarism and chaos. Personally, I was betting on ""Spanish Flu""-esque pandemic or global warming to be the downfall of mankind, but then 2016 began...",1
144,RT @mattprescott: New studies suggest France ‚Äúcould easily exceed‚Äù 50¬∞C by the end of the century while Australian cities are forecast to r‚Ä¶,0
145,"RT @The_ManishSood: If you are really an Indian who loves their motherland India, if you are bored n angry at the way this govt is function‚Ä¶",0
146,"RT @business: Facing $17 billion in fire damages, a CEO blames climate change https://t.co/XoFatCUWX8",0
147,"@Marcusdstewart @DavidDeutschOxf @TheEconomist @BjornLomborg Taking the data at face value, the question remains what the relationship between land area burnt and effects of climate change is. Could it be, for example, that land area has decreased despite global warming? Would the real cost of containing fires perhaps tell the same story?",0
148,"RT @PrysorWilliams: Farmers - please complete and RT! 
Ffermwyr - cwblhewch ac aildrydarwch hwn, ogydda! https://t.co/oRhVdhprtA",0
149,Halfway to boiling: the city at 50C #climatechange https://t.co/shXnHCdOOi,0
150,RT @janrotmans: Interesting read: the decade that we almost stopped climate change  https://t.co/l8GVQRwanA,0
151,"Latest article from Vanguard on the Federal Government's #fraud of  funding the #GreatBarrierReef Foundation #climatechange #capitalism 
https://t.co/AHnpDaJp4o https://t.co/4e2ooud5jd",0
152,"RT @Peters_Glen: It is always a good reminder to see how the global average temperature has changed over the last 150 years...

https://t.c‚Ä¶",0
153,RT @DavidPepper: Suggestion: replace the Space Force with the Earth Force and save our planet from climate change before it's too late. (An‚Ä¶,0
154,RT @nytimes: Humans almost saved the planet from climate change 30 years ago. This is the story of how we failed: a tragedy in 2 acts.,0
155,"RT @Glen4Climate: ""We‚Äôre the first generation to feel the impact of climate change and the last generation that can do something about it.‚Äù‚Ä¶",0
156,RT @SadhguruJV: Afforestation on riparian lands will not only help mitigate climate change but will revitalize rivers &amp; boost farmers' inco‚Ä¶,0
157,RT @James_BG: This is a sobering read and is well worth remembering the next time the 'let's just adapt to climate change' crowd get their‚Ä¶,0
158,"RT @franklinavenue: In case you haven't read it yet, perhaps the most important piece of reporting you'll read all year: https://t.co/1zoXx‚Ä¶",0
159,"RT @PMOIndia: My appeal to youngsters is:

 Innovate in India, Innovate for humanity.

From mitigating climate change to ensuring better ag‚Ä¶",0
160,"RT @UNDPasiapac: In the year 2000, 50% of #Bangladesh's population was impoverished. By 2010, this was around 30%. With climate change alre‚Ä¶",0
161,"Retweeted Glen Peters (@Peters_Glen):

It is always a good reminder to see how the global average temperature has changed over the last 150 years...

https://t.co/CYoJ5xkrCS https://t.co/qW3SoDli0L",0
162,For those who drink coffee. https://t.co/MD3CtiLHJT,1
163,RT @Gordicans: It's as though Barnaby thinks that Climate Change is some sort of abstract concept that doesn't matter #auspol https://t.co/‚Ä¶,0
164,"RT @jvedmond: ‚ÄúIt‚Äôs not really power‚Äù. Does Abbott not understand we can store renewable energy these days? No, he doesn‚Äôt. Silly me. #abc7‚Ä¶",0
165,@business No global warming! It is just climate change...,1
166,RT @SadhguruJV: Afforestation on riparian lands will not only help mitigate climate change but will revitalize rivers &amp; boost farmers' inco‚Ä¶,0
167,"RT @arikring: Great :
#India's #Trains &amp; #Railway Stations are Going #Solar!
Cleaner #Air
Less #Pollution
Fighting #Climate Change
https://‚Ä¶",0
168,RT @unisdr: The fascinating intersection between #resilience #urbanplanning #development basic services and #climatechange. #SendaiFramewor‚Ä¶,0
169,"RT @KateAronoff: The scene in Jurassic Park when Newman loses his glasses and then says, ""I can afford more glasses"" immediately before bei‚Ä¶",0
170,An EU court has agreed to hear a case brought by families across Europe against the bloc for alleged failure to adopt effective laws to tackle climate change https://t.co/pQEcv9Wjei,1
171,GET RID OF THE SOCIALIST POISON(Mal) NOW @Barnaby_Joyce @TonyAbbottMHR @The_Nationals @Gary_Hardgrave EXPOSE THIS REPTILIAN FABIAN SOCIALIST IMMEDIATELY OR FACE ELECTORAL OBLIVION &amp; HAVE THE DESTRUCTION OF OUR NATION ON YOUR SHOULDERS-We R watching @CraigKellyMP Do something NOW https://t.co/VlnBKLyV1I,0
172,Brilliantly put. https://t.co/IdPUwh2ABR,1
173,"RT @EddyJokovich: Climate change shows Australian politics at its worst. Opportunists, idiots, morons, MPs acting in bad faith, price gougi‚Ä¶",0
174,RT @InsidersABC: On the NEG the question for the Coalition is whether it can stare down the people inside its ranks who don't believe there‚Ä¶,0
175,"RT @MikeHudema: ""It is horrifying that we have to fight our own government to save the environment.""

@JustinTrudeau #climate leaders don't‚Ä¶",0
176,"RT @franklinavenue: In case you haven't read it yet, perhaps the most important piece of reporting you'll read all year: https://t.co/1zoXx‚Ä¶",0
177,RT @James_BG: This is a sobering read and is well worth remembering the next time the 'let's just adapt to climate change' crowd get their‚Ä¶,0
178,Got to meet the fab puppeteers behind - or in üòâ - Paula the Polar bear yesterday @TCMargate Proud to be part of this crowdfunded @Greenpeace project &amp; hope that Paula will act as a prompt for people to talk about climate change #ArtHappens #PaulaThePolarBear #ClimateChange üëã https://t.co/t3QZmmT5Es,1
179,RT @sutherla: USA - a possible end of the #RegulatoryState https://t.co/rppQMlbY0t,0
180,RT @SadhguruJV: Afforestation on riparian lands will not only help mitigate climate change but will revitalize rivers &amp; boost farmers' inco‚Ä¶,0
181,RT @a2rinitiative: Almost half the world‚Äôs population will be exposed to potentially deadly heat for 20 days a year by 2100. @guardian expl‚Ä¶,0
182,@DrJaninaRamirez What about the totally crazy things people believe now? The Earth is flat. Climate change is a myth. Donald Trump is a good president. Brexit is a good idea...,0
183,RT @kurtbardella: Best read about all things #Planet #Earth https://t.co/QtwnNtI48W,0
184,Wildfires and heatwaves appear to be reshaping how many around the world view the issue of climate change ‚Äì and whether their governments are doing enough to build resilience against it. https://t.co/PHP9dgrmK4,1
185,"RT @Thomas1774Paine: After Libs Blame West Coast Fires on Global Warming, Forester Speaks out https://t.co/DOUrcTzi0v",0
186,"Good ‚Å¶@scottishlabour‚Å© backs net zero by 2050 at latest target in Climate Bill as ‚Å¶@sccscot‚Å© calls for &amp; Just Transition Commission in Bill, on statutory long-term basis as JTP wants. #justtransition ‚Å¶@ScottishTUC‚Å© ‚Å¶@claudiabeamish‚Å© https://t.co/r4jaREn1O4",1
187,"RT @turtlesatJCU: The big 5 threats to Australian marine turtles are - Climate change, Marine debris entanglement, Chemical &amp; terrestrial r‚Ä¶",0
188,"RT @LeoHickman: In 2004, Sir David Attenborough attended a lecture in Belgium that finally convinced him it was time for him to speak out o‚Ä¶",0
189,"RT @EUClimateAction: ‚ÄúSince the world knows about #climatechange, my generation can still make a difference by reducing #GHG emissions &amp; co‚Ä¶",0
190,@DRUDGE_REPORT Was it the global warming computer that predicted we‚Äôd all be frozen hulks by now?,1
191,RT @jayrosen_nyu: Why does skepticism about immigration walk hand in hand with skepticism about the science of climate change? I know we're‚Ä¶,0
192,RT @theboltreport: BOLT: I have a message to the Liberal MPs - Why don't you finally get the guts to make a stand against your Prime Minist‚Ä¶,0
193,"RT @EcoHustler: Scary. Time to plant billions of #trees.

https://t.co/AmF1NkRFqu #climatechange",0
194,"RT @scottishlabour: Today @claudiabeamish unveils our long-term climate change policy, which sets a target for Scotland to achieve net zero‚Ä¶",0
195,"RT @AmoneyResists: After 19 months:

The E.U.‚ÄîNo Deal
Mexico‚ÄîNo Deal
Iran‚Äî‚ÄîNo Deal
Canada‚ÄîNo Deal
N.K.‚Äî‚ÄîNo Deal
Trade‚Äî‚ÄîNo Deal
Healthcare‚ÄîN‚Ä¶",0
196,"@Snow_Cruncher @matthewjdowd @TruthToPower65 Don't think it's hating on Avenatti. Find much (deserved) respect for him as a litigator and spokesman but that doesn't make him a good president. What do we know about him? What are his stands on climate change, foriegn policy, and other key issues? She is experienced and heroic",1
197,"RT @_WeMeanToClean: üå≥ We've planted 860+ native trees so far this monsoon

üå≥ More pics here: https://t.co/7ACHFBTGhc

#WeMeanToClean #Clean‚Ä¶",0
198,"RT @AmoneyResists: After 19 months:

The E.U.‚ÄîNo Deal
Mexico‚ÄîNo Deal
Iran‚Äî‚ÄîNo Deal
Canada‚ÄîNo Deal
N.K.‚Äî‚ÄîNo Deal
Trade‚Äî‚ÄîNo Deal
Healthcare‚ÄîN‚Ä¶",0
199,"RT @KateAronoff: The scene in Jurassic Park when Newman loses his glasses and then says, ""I can afford more glasses"" immediately before bei‚Ä¶",0
200,"RT @crystalline_02: Ice caps are melting, global warming is increasing, pollution is rising, and species are dying‚ÄîWe only have one Earth‚ÄîI‚Ä¶",0
201,RT @theboltreport: BOLT: I have a message to the Liberal MPs - Why don't you finally get the guts to make a stand against your Prime Minist‚Ä¶,0
202,#climatechange: End of the world as we know it | Life Links https://t.co/waWFaLoVqY via @YouTube,0
203,Reef Handout raises murky questions #auspol #qldpol #StopAdani #NoNewCoal #SaveTheReef from #ClimateChange #CoralnotCoal | jpratt27 https://t.co/lcelZ3XgTA,0
204,"RT @Richard_Dixon: Shell's 50th - 50 years of climate change denial https://t.co/KCjbLOd98F  ""The planet cannot afford to have Shell still‚Ä¶",0
205,RT @SadhguruJV: Afforestation on riparian lands will not only help mitigate climate change but will revitalize rivers &amp; boost farmers' inco‚Ä¶,0
206,"Helder en lezenswaardig stuk over de relatie tussen bosbranden en #klimaatverandering. 

Bosbranden worden - al dan niet opzettelijk - veroorzaakt door menselijk handelen; risico op snelle &amp; wijde verbreiding van het vuur neemt toe door klimaatverandering https://t.co/LGR83piFFx",1
207,"RT @KateAronoff: The scene in Jurassic Park when Newman loses his glasses and then says, ""I can afford more glasses"" immediately before bei‚Ä¶",0
208,Manly take note https://t.co/3GBm7QbyO7,0
209,RT @dougmcneall: One of the most certain aspects of climate change is that it will surely get hotter in many places. And it'll be worse ove‚Ä¶,0
210,"RT @Glen4Climate: ""We‚Äôre the first generation to feel the impact of climate change and the last generation that can do something about it.‚Äù‚Ä¶",0
211,"RT @climateguyw: Extreme Temperature Diary-August 12, 2018/Hot Topic: Tipping Point Discussion‚Ä¶Part 4) The Jet Stream- (https://t.co/8B2zAq‚Ä¶",0
212,"RT @LIFEprogramme: What a great way to start the week, knowing we reached a new milestone ‚úÖ! Together, we can protect our natureüå±, we can s‚Ä¶",0
213,"RT @AmoneyResists: After 19 months:

The E.U.‚ÄîNo Deal
Mexico‚ÄîNo Deal
Iran‚Äî‚ÄîNo Deal
Canada‚ÄîNo Deal
N.K.‚Äî‚ÄîNo Deal
Trade‚Äî‚ÄîNo Deal
Healthcare‚ÄîN‚Ä¶",0
214,"@mrurbano @jennymaria Det √§r en sammandragning av ‚Äùklimatf√∂r√§ndringsf√∂rnekare‚Äù, som √§r en direkt√∂vers√§ttning av engelskans ‚Äùclimate change denier‚Äù. Jfr att sotare inte sotar skorstenen utan fejar den.",1
215,@ohghostd yeah someone tell me global warming is not a thing and ill slap a bitch,0
216,"RT @Peters_Glen: It is always a good reminder to see how the global average temperature has changed over the last 150 years...

https://t.c‚Ä¶",0
217,"RT @DeNetPro: Another disturbing article about how the climate is changing. It‚Äôs been quite hot this summer, huh? Nice for your perfect bro‚Ä¶",0
218,@Saintsfan5348 @FoxNews Comparing Judea-Christian values to Sharia law is a ludicrous. The globalist climate change religion would have to be clamped to this as well.,1
219,The forecast is not cool. We can now literally feel climate change. In Asia record-breaking temperatures have claimed thousands of lives: https://t.co/KZGGVk6YfF,1
220,"RT @StefSimanowitz: Last month, @kuminaidoo scaled Kilimanjaro to mark #Mandela's centenary.
Now he has another mountain to climb.

This we‚Ä¶",0
221,"@barneybraces If we'd organised a better energy scheme in 2009 instead of playing politics, power prices would be sorted by now. If you've seen what I've seen regarding the effects of climate change around the world, you'd be on board. There's no way you wouldn't be.",0
222,"RT @Jackthelad1947: FYI @RNBreakfast @BreakfastNews @LaTrioli @SciNate 

#ClimateChange #ReefGate #auspol #qldpol

#Drought #Heatwave #Wild‚Ä¶",0
223,RT @SadhguruJV: Afforestation on riparian lands will not only help mitigate climate change but will revitalize rivers &amp; boost farmers' inco‚Ä¶,0
224,"RT @_WeMeanToClean: üå≥ We've planted 860+ native trees so far this monsoon

üå≥ More pics here: https://t.co/7ACHFBTGhc

#WeMeanToClean #Clean‚Ä¶",0
